p1id,p2id,domain
0,26,hiberious-monsters.fandom.com
0,6,hiberious-monsters.fandom.com
0,23,hiberious-monsters.fandom.com
0,8,hiberious-monsters.fandom.com
0,4,hiberious-monsters.fandom.com
0,5,hiberious-monsters.fandom.com
0,32,hiberious-monsters.fandom.com
0,30,hiberious-monsters.fandom.com
0,2,hiberious-monsters.fandom.com
0,11,hiberious-monsters.fandom.com
0,15,hiberious-monsters.fandom.com
0,28,hiberious-monsters.fandom.com
0,29,hiberious-monsters.fandom.com
0,9,hiberious-monsters.fandom.com
0,24,hiberious-monsters.fandom.com
0,3,hiberious-monsters.fandom.com
0,7,hiberious-monsters.fandom.com
0,31,hiberious-monsters.fandom.com
0,25,hiberious-monsters.fandom.com
0,1,hiberious-monsters.fandom.com
0,27,hiberious-monsters.fandom.com
1,7,hiberious-monsters.fandom.com
2,6,hiberious-monsters.fandom.com
3,0,hiberious-monsters.fandom.com
3,26,hiberious-monsters.fandom.com
3,6,hiberious-monsters.fandom.com
3,23,hiberious-monsters.fandom.com
3,8,hiberious-monsters.fandom.com
3,4,hiberious-monsters.fandom.com
3,5,hiberious-monsters.fandom.com
3,32,hiberious-monsters.fandom.com
3,30,hiberious-monsters.fandom.com
3,2,hiberious-monsters.fandom.com
3,11,hiberious-monsters.fandom.com
3,15,hiberious-monsters.fandom.com
3,28,hiberious-monsters.fandom.com
3,29,hiberious-monsters.fandom.com
3,9,hiberious-monsters.fandom.com
3,24,hiberious-monsters.fandom.com
3,7,hiberious-monsters.fandom.com
3,31,hiberious-monsters.fandom.com
3,25,hiberious-monsters.fandom.com
3,1,hiberious-monsters.fandom.com
3,27,hiberious-monsters.fandom.com
4,0,hiberious-monsters.fandom.com
4,26,hiberious-monsters.fandom.com
4,6,hiberious-monsters.fandom.com
4,23,hiberious-monsters.fandom.com
4,8,hiberious-monsters.fandom.com
4,5,hiberious-monsters.fandom.com
4,32,hiberious-monsters.fandom.com
4,30,hiberious-monsters.fandom.com
4,2,hiberious-monsters.fandom.com
4,11,hiberious-monsters.fandom.com
4,13,hiberious-monsters.fandom.com
4,15,hiberious-monsters.fandom.com
4,28,hiberious-monsters.fandom.com
4,29,hiberious-monsters.fandom.com
4,9,hiberious-monsters.fandom.com
4,24,hiberious-monsters.fandom.com
4,3,hiberious-monsters.fandom.com
4,7,hiberious-monsters.fandom.com
4,31,hiberious-monsters.fandom.com
4,25,hiberious-monsters.fandom.com
4,1,hiberious-monsters.fandom.com
4,27,hiberious-monsters.fandom.com
5,0,hiberious-monsters.fandom.com
5,26,hiberious-monsters.fandom.com
5,6,hiberious-monsters.fandom.com
5,23,hiberious-monsters.fandom.com
5,8,hiberious-monsters.fandom.com
5,4,hiberious-monsters.fandom.com
5,32,hiberious-monsters.fandom.com
5,30,hiberious-monsters.fandom.com
5,2,hiberious-monsters.fandom.com
5,11,hiberious-monsters.fandom.com
5,15,hiberious-monsters.fandom.com
5,28,hiberious-monsters.fandom.com
5,29,hiberious-monsters.fandom.com
5,9,hiberious-monsters.fandom.com
5,24,hiberious-monsters.fandom.com
5,3,hiberious-monsters.fandom.com
5,7,hiberious-monsters.fandom.com
5,31,hiberious-monsters.fandom.com
5,25,hiberious-monsters.fandom.com
5,1,hiberious-monsters.fandom.com
5,27,hiberious-monsters.fandom.com
6,2,hiberious-monsters.fandom.com
7,0,hiberious-monsters.fandom.com
7,26,hiberious-monsters.fandom.com
7,6,hiberious-monsters.fandom.com
7,23,hiberious-monsters.fandom.com
7,8,hiberious-monsters.fandom.com
7,4,hiberious-monsters.fandom.com
7,10,hiberious-monsters.fandom.com
7,5,hiberious-monsters.fandom.com
7,32,hiberious-monsters.fandom.com
7,30,hiberious-monsters.fandom.com
7,25,hiberious-monsters.fandom.com
7,2,hiberious-monsters.fandom.com
7,11,hiberious-monsters.fandom.com
7,15,hiberious-monsters.fandom.com
7,28,hiberious-monsters.fandom.com
7,12,hiberious-monsters.fandom.com
7,29,hiberious-monsters.fandom.com
7,9,hiberious-monsters.fandom.com
7,24,hiberious-monsters.fandom.com
7,3,hiberious-monsters.fandom.com
7,31,hiberious-monsters.fandom.com
7,17,hiberious-monsters.fandom.com
7,1,hiberious-monsters.fandom.com
7,27,hiberious-monsters.fandom.com
8,0,hiberious-monsters.fandom.com
8,26,hiberious-monsters.fandom.com
8,6,hiberious-monsters.fandom.com
8,23,hiberious-monsters.fandom.com
8,4,hiberious-monsters.fandom.com
8,5,hiberious-monsters.fandom.com
8,32,hiberious-monsters.fandom.com
8,30,hiberious-monsters.fandom.com
8,2,hiberious-monsters.fandom.com
8,11,hiberious-monsters.fandom.com
8,13,hiberious-monsters.fandom.com
8,15,hiberious-monsters.fandom.com
8,28,hiberious-monsters.fandom.com
8,29,hiberious-monsters.fandom.com
8,9,hiberious-monsters.fandom.com
8,24,hiberious-monsters.fandom.com
8,3,hiberious-monsters.fandom.com
8,7,hiberious-monsters.fandom.com
8,31,hiberious-monsters.fandom.com
8,25,hiberious-monsters.fandom.com
8,1,hiberious-monsters.fandom.com
8,27,hiberious-monsters.fandom.com
9,3,hiberious-monsters.fandom.com
10,0,hiberious-monsters.fandom.com
10,8,hiberious-monsters.fandom.com
10,23,hiberious-monsters.fandom.com
10,4,hiberious-monsters.fandom.com
10,5,hiberious-monsters.fandom.com
10,32,hiberious-monsters.fandom.com
10,25,hiberious-monsters.fandom.com
10,2,hiberious-monsters.fandom.com
10,11,hiberious-monsters.fandom.com
10,15,hiberious-monsters.fandom.com
10,28,hiberious-monsters.fandom.com
10,29,hiberious-monsters.fandom.com
10,9,hiberious-monsters.fandom.com
10,24,hiberious-monsters.fandom.com
10,3,hiberious-monsters.fandom.com
10,7,hiberious-monsters.fandom.com
10,31,hiberious-monsters.fandom.com
10,1,hiberious-monsters.fandom.com
10,27,hiberious-monsters.fandom.com
11,13,hiberious-monsters.fandom.com
12,6,hiberious-monsters.fandom.com
14,22,hiberious-monsters.fandom.com
14,5,hiberious-monsters.fandom.com
14,2,hiberious-monsters.fandom.com
14,11,hiberious-monsters.fandom.com
14,15,hiberious-monsters.fandom.com
14,24,hiberious-monsters.fandom.com
14,7,hiberious-monsters.fandom.com
14,1,hiberious-monsters.fandom.com
15,13,hiberious-monsters.fandom.com
15,24,hiberious-monsters.fandom.com
17,0,hiberious-monsters.fandom.com
17,26,hiberious-monsters.fandom.com
17,6,hiberious-monsters.fandom.com
17,23,hiberious-monsters.fandom.com
17,4,hiberious-monsters.fandom.com
17,8,hiberious-monsters.fandom.com
17,5,hiberious-monsters.fandom.com
17,32,hiberious-monsters.fandom.com
17,30,hiberious-monsters.fandom.com
17,2,hiberious-monsters.fandom.com
17,11,hiberious-monsters.fandom.com
17,15,hiberious-monsters.fandom.com
17,28,hiberious-monsters.fandom.com
17,29,hiberious-monsters.fandom.com
17,9,hiberious-monsters.fandom.com
17,24,hiberious-monsters.fandom.com
17,3,hiberious-monsters.fandom.com
17,7,hiberious-monsters.fandom.com
17,31,hiberious-monsters.fandom.com
17,25,hiberious-monsters.fandom.com
17,1,hiberious-monsters.fandom.com
17,27,hiberious-monsters.fandom.com
18,0,hiberious-monsters.fandom.com
18,8,hiberious-monsters.fandom.com
18,23,hiberious-monsters.fandom.com
18,4,hiberious-monsters.fandom.com
18,5,hiberious-monsters.fandom.com
18,32,hiberious-monsters.fandom.com
18,2,hiberious-monsters.fandom.com
18,11,hiberious-monsters.fandom.com
18,15,hiberious-monsters.fandom.com
18,28,hiberious-monsters.fandom.com
18,29,hiberious-monsters.fandom.com
18,9,hiberious-monsters.fandom.com
18,24,hiberious-monsters.fandom.com
18,3,hiberious-monsters.fandom.com
18,7,hiberious-monsters.fandom.com
18,31,hiberious-monsters.fandom.com
18,25,hiberious-monsters.fandom.com
18,1,hiberious-monsters.fandom.com
18,27,hiberious-monsters.fandom.com
20,0,hiberious-monsters.fandom.com
20,23,hiberious-monsters.fandom.com
20,5,hiberious-monsters.fandom.com
20,32,hiberious-monsters.fandom.com
20,30,hiberious-monsters.fandom.com
20,11,hiberious-monsters.fandom.com
20,15,hiberious-monsters.fandom.com
20,28,hiberious-monsters.fandom.com
20,29,hiberious-monsters.fandom.com
20,24,hiberious-monsters.fandom.com
20,3,hiberious-monsters.fandom.com
20,7,hiberious-monsters.fandom.com
20,25,hiberious-monsters.fandom.com
20,1,hiberious-monsters.fandom.com
20,27,hiberious-monsters.fandom.com
22,0,hiberious-monsters.fandom.com
22,8,hiberious-monsters.fandom.com
22,23,hiberious-monsters.fandom.com
22,4,hiberious-monsters.fandom.com
22,5,hiberious-monsters.fandom.com
22,32,hiberious-monsters.fandom.com
22,2,hiberious-monsters.fandom.com
22,11,hiberious-monsters.fandom.com
22,15,hiberious-monsters.fandom.com
22,28,hiberious-monsters.fandom.com
22,29,hiberious-monsters.fandom.com
22,18,hiberious-monsters.fandom.com
22,9,hiberious-monsters.fandom.com
22,24,hiberious-monsters.fandom.com
22,3,hiberious-monsters.fandom.com
22,7,hiberious-monsters.fandom.com
22,31,hiberious-monsters.fandom.com
22,25,hiberious-monsters.fandom.com
22,1,hiberious-monsters.fandom.com
22,27,hiberious-monsters.fandom.com
24,26,hiberious-monsters.fandom.com
25,0,hiberious-monsters.fandom.com
25,8,hiberious-monsters.fandom.com
25,23,hiberious-monsters.fandom.com
25,4,hiberious-monsters.fandom.com
25,5,hiberious-monsters.fandom.com
25,32,hiberious-monsters.fandom.com
25,2,hiberious-monsters.fandom.com
25,11,hiberious-monsters.fandom.com
25,15,hiberious-monsters.fandom.com
25,28,hiberious-monsters.fandom.com
25,29,hiberious-monsters.fandom.com
25,9,hiberious-monsters.fandom.com
25,24,hiberious-monsters.fandom.com
25,3,hiberious-monsters.fandom.com
25,7,hiberious-monsters.fandom.com
25,31,hiberious-monsters.fandom.com
25,25,hiberious-monsters.fandom.com
25,1,hiberious-monsters.fandom.com
25,27,hiberious-monsters.fandom.com
26,24,hiberious-monsters.fandom.com
26,22,hiberious-monsters.fandom.com
26,15,hiberious-monsters.fandom.com
31,0,hiberious-monsters.fandom.com
31,26,hiberious-monsters.fandom.com
31,6,hiberious-monsters.fandom.com
31,23,hiberious-monsters.fandom.com
31,8,hiberious-monsters.fandom.com
31,4,hiberious-monsters.fandom.com
31,5,hiberious-monsters.fandom.com
31,32,hiberious-monsters.fandom.com
31,30,hiberious-monsters.fandom.com
31,2,hiberious-monsters.fandom.com
31,11,hiberious-monsters.fandom.com
31,13,hiberious-monsters.fandom.com
31,15,hiberious-monsters.fandom.com
31,28,hiberious-monsters.fandom.com
31,29,hiberious-monsters.fandom.com
31,9,hiberious-monsters.fandom.com
31,24,hiberious-monsters.fandom.com
31,3,hiberious-monsters.fandom.com
31,7,hiberious-monsters.fandom.com
31,25,hiberious-monsters.fandom.com
31,1,hiberious-monsters.fandom.com
31,27,hiberious-monsters.fandom.com
